#年度	大問	問	導いた正解	確度	根拠
令和5	1	1	?	不明	スパルタ人口構成のグラフX/Yが写真から判別できず
令和5	1	2	2	確	プトレマイオス朝（2番目に記載）
令和5	1	3	3	確	ホルテンシウス法で平民と貴族が法的に平等
令和5	1	4	5	確	ウ(212カラカラ)→ア(293四帝分治)→イ(313ミラノ勅令)、6択は定型順
令和5	1	5	2	確	A正(クローヴィス=アタナシウス派) B誤(カール=マルテルは逆)
令和5	1	6	1	確	A賦役 B貢納
令和5	1	7	4	確	十字軍で地中海商業圏の遠隔地貿易都市が出現
令和5	1	8	6	確	A誤(シャルル7世) B誤(エドワード1世) C正(金印勅書) → Cのみ正
令和5	2	9	4	確	A誤(祭式はバラモン) B誤(カーリダーサはグプタ朝の詩人)
令和5	2	10	2	確	カニシカ王の時代の南インドでサータヴァーハナ朝
令和5	2	11	1	確	ボロブドゥール=シャイレンドラ朝
令和5	2	12	1	確	ア(甲骨・殷)→イ(封建・周)→ウ(鉄製農具・春秋戦国)
令和5	2	13	2	確	郡県制の全国施行は前221年の統一直後
令和5	2	14	3	確	A均田制 B清談
令和5	2	15	4	確	玄宗期に楊貴妃一族の専横→安禄山の乱
令和5	3	16	3	確	アッシリア崩壊後に新バビロニアがメソポタミアを支配
令和5	3	17	6	確	ウ(アケメネス前550)→イ(パルティア前248)→ア(ササン224)
令和5	3	18	1	確	A預言者 Bメディナに移住して共同体を建設
令和5	3	19	?	不明	略地図のX/Yが判別できず（統治策は「イ」と確定＝②か④）
令和5	3	20	1	確	セルジューク朝の西方のシーア派＝ファーティマ朝
令和5	3	21	2	確	Cベルベル人のイスラーム化 Dカイロ
令和5	3	22	3	確	デリー＝スルタン朝と総称される諸王朝が交替
令和5	4	23	1	確	西夏の初代＝李元昊
令和5	4	24	1	確	A正(金が開封占領→南宋) B正(長江下流が穀倉地帯)
令和5	4	25	2	推	史料は駅伝制→ア、元の記述はY(交鈔濫発→紅巾の乱)。イの語がOCRで欠落
令和5	4	26	2	確	ア(鄭和1405)→ウ(張居正1570s)→イ(李自成1640s)
令和5	4	27	3	確	丁税が土地税に繰り込まれる＝地丁銀
令和5	4	28	4	確	円明園の設計に加わった宣教師＝カスティリオーネ
令和5	4	29	?	不明	略地図のX/Yが判別できず（編纂物は「四庫全書」＝ア と確定＝①か③）
令和5	5	30	3	確	遠隔地貿易の中心が地中海から大西洋へ（商業革命）
令和5	5	31	2	確	ヘンリ8世＝国王至上法
令和5	5	32	1	確	アンリ4世＝ナントの王令
令和5	5	33	2	確	Aハプスブルク Bカール5世（カルロス1世）
令和5	5	34	4	確	イ(航海法1651→英蘭1652)→ウ(名誉革命1689)→ア(ウォルポール1721)
令和5	5	35	4	確	A誤(オーストリア継承戦争) B誤(同盟した相手はフランス)
令和5	5	36	1	確	イギリス＝マドラス
令和5	6	37	3	確	適切でないもの＝「封建的特権の廃止により土地を失った農民」（実際は囲い込み）
令和5	6	38	3	確	イ(ジェファソン)-X(ロックの抵抗権)
令和5	6	39	2	確	立法議会でジロンド派がオーストリアに宣戦
令和5	6	40	4	確	スペインの立憲革命（他は地域が入れ替え）
令和5	6	41	1	確	A正(サン=ステファノ条約) B正(イタリア王国成立)
令和5	6	42	4	確	第1インターナショナルは「自由主義者」ではない
令和5	6	43	?	不明	図版X/写真Yの中身が判別できず
令和5	7	44	4	確	ノヴゴロド国＝リューリク
令和5	7	45	1	確	bキエフ公国 dバトゥのモンゴル軍の支配下
令和5	7	46	4	確	適切でない＝「セリム1世が滅ぼした」（実際はメフメト2世）
令和5	7	47	?	不明	略地図のX/Yが判別できず（敵国は「スウェーデン」＝イ と確定＝②か④）
令和5	7	48	1	確	プラッシーの戦い（1757）
令和5	7	49	3	確	A誤(ポーランド分割はエカチェリーナ2世) B正(神聖同盟)
令和5	7	50	2	確	適切でない＝ライプツィヒの戦いは19世紀前半
令和5	8	51	2	確	aミドハト=パシャ bシパーヒーの大反乱
令和5	8	52	3	確	アヘン戦争の講和＝南京条約
令和5	8	53	1	確	Aヴィルヘルム2世 Bスペイン
令和5	8	54	2	確	無制限潜水艦作戦を機にアメリカが参戦
令和5	8	55	4	確	A誤(ムスタファ=ケマル) B誤(五・三〇運動)
令和5	8	56	1	確	適切でない＝独ソ不可侵条約の直後の侵攻先はポーランド
令和5	8	57	?	不明	略地図のX/Yが判別できず（説明は「イ」＝朝鮮戦争 と確定＝②か④）
令和6	1	1	4	確	適切でない＝シドン（フェニキア人の都市）
令和6	1	2	1	確	bアッカド人 cアムル人
令和6	1	3	1	確	A正(身分で刑罰が異なる) B正(ヒッタイトが滅ぼした)
令和6	1	4	3	確	イ(ヘロドトス)-X(ペルシア戦争の『歴史』)
令和6	1	5	3	推	fメンフィス hクシュ（2×2格子の並びから推定）
令和6	1	6	1	確	適切でない＝ジッグラトはメソポタミアの建造物
令和6	1	7	?	不明	地図のX/Yが判別できず（記述は「ア」＝コムーネ と確定＝①か③）
令和6	1	8	1	確	jエジプト＝統一・安定が長い kメソポタミア＝興亡が多い
令和6	1	9	4	推	A誤(マグナカルタはイギリス) B誤(ボローニャ大学はイタリア)
令和6	2	10	2	推	a甲骨文字 b周（2×2格子の並びから推定）
令和6	2	11	3	確	c世襲の諸侯に封土 d地方分権的な
令和6	2	12	?	不明	貨幣の写真X/Yが判別できず
令和6	2	13	4	推	下線部の時期（前3世紀）に合うのはアショーカ王の仏典結集
令和6	2	14	2	推	ア(劉邦)-Y(タリム盆地まで勢力拡大)。選択肢の並びがOCRで崩れており推定
令和6	2	15	?	不明	地図上の都市の位置が判別できず
令和6	2	16	1	確	j冒頓単于 k呉楚七国の乱
令和6	2	17	2	確	適切でない＝半両銭は秦（武帝は五銖銭）
令和6	3	18	4	推	マムルーク朝の都＝カイロ（記載順4番目。丸数字はOCRで崩れ）
令和6	3	19	3	確	適切でない＝『集史』はイル=ハン国のラシード=アッディーン
令和6	3	20	3	確	cダウ船 d東南アジアから香辛料を輸入
令和6	3	21	2	確	e商人と結託して利潤 fワクフ
令和6	3	22	4	推	下線部はナスル朝と判断（他3つはセルジューク朝の事実で全て正しくなる）
令和6	3	23	?	不明	アルハンブラ宮殿の写真X/Yが判別できず（都市は「グラナダ」＝ア と確定＝①か②）
令和6	3	24	1	確	iレコンキスタ kミッレト
令和6	3	25	2	確	適切でない＝バヤジット1世はアンカラの戦いで敗北
令和6	4	26	3	推	適切でない＝カラキタイ（西遼、12世紀）。丸数字がOCRで崩れ位置も不確か
令和6	4	27	2	確	b趙匡胤 c文治主義
令和6	4	28	2	確	適切でない＝燕雲十六州で対立したのは遼と宋
令和6	4	29	3	推	eクリルタイ f千戸制（2×2格子の並びから推定）
令和6	4	30	4	確	チンギスが倒した中央アジアの国＝ホラズム=シャー朝
令和6	4	31	2	確	h東西交流を促す iバトゥ
令和6	4	32	3	確	j北京 k交鈔を発行し銅銭が日本へ流入
令和6	4	33	1	推	l儒教・科挙を重視せず m14世紀（紅巾の乱1351）。格子の並びから推定
令和6	5	34	3	確	適切でない＝ルターは農民戦争で諸侯側についた
令和6	5	35	3	確	適切でない＝チューリヒで改革を始めたのはツヴィングリ
令和6	5	36	4	確	ラテンアメリカ独立の担い手＝クリオーリョ
令和6	5	37	1	確	A正(仏vs神聖ローマ) B正(ルネサンス衰退)
令和6	5	38	2	確	適切でない＝スペイン継承戦争の講和はユトレヒト条約
令和6	5	39	2	確	f常備軍が形成され g中央集権化
令和6	5	40	1	確	h印紙法 i代表（代表なくして課税なし）
令和6	5	41	2	確	ア(ボストン)-Y(アメリカ独立宣言の史料)
令和6	6	42	1	推	a董仲舒 b新（格子の並びから推定）
令和6	6	43	3	確	c五経 e道教
令和6	6	44	?	不明	略地図のX〜Zが判別できず（影響は「ア」＝家柄の固定化 と確定）
令和6	6	45	3	確	適切でない＝民会の決定は多数決（全会一致ではない）
令和6	6	46	1	確	適切でない＝民主政を完成させたのはペリクレス
令和6	6	47	5	確	ウ(マリウスとスラ)→ア(第1回三頭政治)→イ(第2回三頭政治)
令和6	6	48	1	確	A正(西ゴートのドナウ渡河) B正(ともにビザンツが滅ぼす)
令和6	6	49	1	確	j身分制議会 kピューリタン革命のイギリス
令和6	6	50	3	確	A誤(中書省を廃したのは洪武帝) B正(アウラングゼーブ)
令和7	1	1	1	確	南イタリア＝ノルマン人の両シチリア王国
令和7	1	2	1	確	ホラティウスの代表作＝叙情詩集
令和7	1	3	2	確	松田メモ誤(第2回三頭政治にクラッススは入らない)／関口メモ正
令和7	1	4	3	確	カルタゴとの戦争＝ポエニ戦争
令和7	1	5	2	確	適切でない＝プラトンは民衆の政治を理想としていない
令和7	1	6	2	確	A正(カイロネイア) B誤(マラトンはペルシア戦争)
令和7	1	7	4	確	下線部はヘレニズム文化。アルキメデスのみヘレニズム期
令和7	1	8	4	確	A誤(ガリアは現フランス) B誤(トラヤヌスは五賢帝の2番目)
令和7	2	9	3	確	インダス文明＝シヴァ神の原型とみられる像
令和7	2	10	2	確	bチャンドラグプタ王 cパータリプトラ
令和7	2	11	2	確	アショーカ王(前3世紀前半)は前403〜前206の間＝イ
令和7	2	12	2	確	A正(竜樹の「空」) B誤(大乗仏教はクシャーナ朝期)
令和7	2	13	1	確	A正(韓愈・柳宗元の古文復興) B正(孔穎達『五経正義』)
令和7	2	14	3	推	黄巾の乱＝後漢滅亡の一因。①の主語がOCRで欠落し確定できず
令和7	2	15	2	確	A正(均田制を継承) B誤(科挙が代わったのは九品中正)
令和7	2	16	3	確	i玄宗 j安史の乱
令和7	3	17	3	確	イ(ホスロー1世)-X(突厥と結び エフタルを滅ぼす)
令和7	3	18	2	確	A正(アッバース朝のバグダード) B誤(ムラービト朝は北アフリカ)
令和7	3	19	3	確	適切でない＝ウマイヤ朝の都はダマスクス
令和7	3	20	3	確	A誤(啓典の民は改宗を強制されない) B正(ウンマ)
令和7	3	21	4	確	アッバース朝の最盛期＝ハールーン=アッラシード
令和7	3	22	1	確	ウマイヤ朝を開いたのはムアーウィヤ
令和7	3	23	1	確	A正(ブワイフ朝の大アミール) B正(ファーティマ朝はカリフを自称)
令和7	3	24	4	確	A誤(タバリーは歴史家) B誤(フワーリズミーは数学者)
令和7	4	25	3	確	13世紀初頭＝日本は鎌倉幕府の統治
令和7	4	26	4	確	原メモ誤(ルブルックはルイ9世の使者)／野沢メモ誤(モンテ=コルヴィノはカトリック)
令和7	4	27	1	確	A正(ホラズム=シャー朝を倒す) B正(千戸制)
令和7	4	28	1	推	バトゥの父＝長男ジョチ。設問番号の対応がOCRで不確か
令和7	4	29	2	推	eワールシュタットの戦い fキプチャク=ハン国。設問番号の対応が不確か
令和7	4	30	?	不明	地図のX/Yが判別できず（記述は「ア」＝運河を城内まで と確定＝①か③）
令和7	4	31	2	確	A正(南宋を滅ぼす) B誤(アッバース朝を滅ぼしたのはフラグ)
令和7	4	32	3	確	i紅巾の乱 jインド洋
令和7	5	33	1	確	A正(1492カリブ海) B正(トスカネリの地球球体説)
令和7	5	34	1	確	A正(カブラルのブラジル漂着) B正(バルボアの太平洋到達)
令和7	5	35	3	確	フランス＝シャンデルナゴル（他は国か場所が誤り）
令和7	5	36	2	確	dバルトロメウ=ディアス eマゼラン
令和7	5	37	1	確	斎藤メモ正／片山メモ誤（先住民の宗教は弾圧された）
令和7	5	38	2	確	A正(カルロス1世・フェリペ2世) B誤(ナントの王令はアンリ4世)
令和7	5	39	2	確	人権宣言1789年8月＝バスティーユ(7月)とヴァレンヌ(1791)の間
令和7	5	40	1	確	A正(ライン同盟) B正(トラファルガー→大陸封鎖令)
令和7	6	41	4	確	元寇は13世紀。シモン=ド=モンフォールの反乱(1258-65)が同世紀
令和7	6	42	2	確	ディオクレティアヌス帝のキリスト教徒大迫害
令和7	6	43	3	確	『史記』＝司馬遷
令和7	6	44	1	確	ア(ジョン王)-X(在仏英領喪失→財政難→重税に貴族が反発)
令和7	6	45	4	確	適切でない＝サレルノ大学は医学で有名
令和7	6	46	3	確	A誤(イエズス会は1534年＝16世紀) B正(ザビエルは中国をめざした)
令和7	6	47	3	確	A誤(アテネで奴隷解放はない) B正(先住民の銀山強制労働)
令和7	6	48	3	確	適切でない＝リディアは小アジア（アフリカではない）
令和7	6	49	1	確	A正(武器・綿織物) B正(砂糖・タバコのプランテーション)
令和7	6	50	4	確	イ(朱元璋)-Y(六諭)
令和7	7総	51	3	推	十四カ条＝ウィルソン（歴史総合の大問。丸数字がOCRで崩れ位置から推定）
令和7	7総	52	2	確	適切でない＝ロンドン海軍軍備制限条約は1930年（歴史総合の大問）
令和7	7総	53	1	確	ゲティスバーグ演説1863＝1789〜1871の区間（歴史総合の大問）
令和7	7総	54	4	確	柳条湖事件（歴史総合の大問）
令和7	7総	55	2	確	1933年に脱退＝ドイツ（歴史総合の大問）
令和7	7総	56	3	確	A誤(全権は吉田茂) B正(小笠原・沖縄は米施政権下)（歴史総合の大問）
令和7	7総	57	3	推	スターリン批判＝フルシチョフ。丸数字がOCRで崩れ位置から推定（歴史総合）
令和7	7総	58	2	確	適切でない＝自衛隊はベトナムに派遣されていない（歴史総合の大問）
令和7	7総	59	1	確	ア(セシル=ローズ)-ウ(イギリスの縦断政策)（歴史総合の大問）
令和7	7総	60	3	確	袁世凱が二十一カ条要求の大部分を受諾（歴史総合の大問）
